{
    "maximal": {
        "max_height": 341.7587890625,
        "min_height": -68.6695556640625,
        "polygon_points": [
            [
                -311.9762268066406,
                -3561.97021484375
            ],
            [
                -311.9762268066406,
                251.32769775390625
            ],
            [
                1536.286376953125,
                251.32769775390625
            ],
            [
                1536.286376953125,
                -3561.97021484375
            ]
        ]
    },
    "smart": {
        "max_height": 34.67864990234375,
        "min_height": -15.904458999633789,
        "polygon_points": [
            [
                -229.79183959960938,
                -139.1297149658203
            ],
            [
                -229.79183959960938,
                97.5837631225586
            ],
            [
                57.22141647338867,
                97.5837631225586
            ],
            [
                57.22141647338867,
                -139.1297149658203
            ]
        ]
    },
    "type": 0
}